<?xml version="1.0" encoding="UTF-8" standalone="yes"?>
<addon id="plugin.video.resmax.livetv" name="LiveTV" version="2021.07.08.0" provider-name="Resmax">
  <requires>
    <import addon="xbmc.python" version="3.0.0"/>
    <import addon="plugin.video.youtube" version="1.0.0"/>
  </requires>
  <extension point="xbmc.python.pluginsource" library="addon.py">
        <provides>video</provides>
  </extension>
  <extension point="xbmc.addon.metadata">
    <platform>all</platform>
    <summary lang="en">TV Channels</summary>
    <description lang="en">Al-Jazeera, CBSN, EuroNews, NHK, SkyNews etc.</description>
    <disclaimer lang="en">Watch Live TV Channels from open sources avalable on the Internet. The author of this addon take no responsibility for and will not be liable for the contents of these channels or the use of this addon.</disclaimer>
	<assets>
		<icon>icon.png</icon>
		<fanart>fantart.jpg</fanart>
	</assets>
	<news>Updated with Youtube channels</news>
    <source></source>
    <forum></forum>
  </extension>
</addon>

