<?xml version="1.0" encoding="UTF-8"?>
    <addon id="repository.resmax" name="ResMax repository" version="2021.07.07.0" provider-name="ResMax">
        <requires>
            <import addon="xbmc.addon" version="12.0.0"/>
        </requires>
        <extension point="xbmc.addon.repository" name="ResMax repository">
            <info compressed="false">https://github.com/resmax/repository.resmax/tree/master/_repo/addons.xml</info>
            <checksum>https://github.com/resmax/repository.resmax/tree/master/_repo/addons.xml.md5</checksum>
            <datadir zip="true">https://github.com/resmax/repository.resmax/tree/master/_repo/</datadir>
            <hashes>false</hashes>
        </extension>
        <extension point="xbmc.addon.metadata">
            <summary>ResMax repository.</summary>
            <description>Kodi addons developed by ResMax.</description>
            <platform>all</platform>
    </extension>
</addon>
